chan_rank,channelTitle,chan_subscribers,chan_video_views,chan_video_count,chan_category,chan_started,chan_average_views_per_video,chan_number_trending_videos
1,T-Series,222000000,198459090822,17317,Music,2006,11460362.119420223,2
3,Cocomelon - Nursery Rhymes,140000000,135481339848,786,Education,2006,172368116.85496184,0
4,SET India,139000000,125764252686,91271,Shows,2006,1377921.2749504223,0
6,PewDiePie,111000000,28469458228,4497,Gaming,2010,6330766.784078275,10
7,MrBeast,102000000,16832456681,726,Entertainment,2012,23185202.039944902,17
8,✿ Kids Diana Show,99700000,79602288245,1009,People & Blogs,2015,78892257.92368682,0
9,Like Nastya,99200000,81963845811,702,People & Blogs,2016,116757615.11538461,0
11,WWE,90200000,70544743313,63077,Sports,2007,1118390.9081440144,27
12,Zee Music Company,86700000,49067711243,6603,Music,2014,7431123.919884901,0
13,Vlad and Niki,85100000,66498762660,472,Entertainment,2018,140887209.02542374,0
14,5-Minute Crafts,77100000,23881457195,5581,Howto & Style,2016,4279064.181150331,0
15,BLACKPINK,76200000,24707415704,397,People & Blogs,2016,62235304.04030227,14
17,Goldmines,74100000,18533088438,3968,Film & Animation,2012,4670637.207157258,0
18,Sony SAB,70600000,82473581441,56295,Shows,2007,1465024.9834088285,0
19,BANGTANTV,70000000,17471090750,1787,Music,2012,9776771.544487968,23
20,Justin Bieber,69700000,28567240999,247,Music,2007,115656846.14979757,1
21,HYBE LABELS,67800000,24013849120,971,Music,2008,24731049.55715757,20
22,Canal KondZilla,65900000,36576704790,2313,Music,2012,15813534.280155642,0
23,Zee TV,63000000,17111576122,60802,Entertainment,2005,281431.1391401599,0
24,Shemaroo Filmi Gaane,61300000,28579945247,7884,Music,2010,3625056.4747590055,0
25,Pinkfong Baby Shark - Kids' Songs & Stories,59400000,32107290522,2374,Education,2011,13524553.716090987,0
26,Dude Perfect,58100000,14742860905,297,Sports,2009,49639262.306397304,26
27,ChuChu TV Nursery Rhymes & Kids Songs,57700000,39266652127,506,Education,2013,77602079.30237155,0
28,Movieclips,57600000,58839819120,39202,Film & Animation,2006,1500939.215346156,0
29,Marshmello,55700000,13445424556,401,Entertainment,2015,33529737.047381546,0
30,Colors TV,55100000,52611504230,87427,Shows,2008,601776.387500429,0
31,Wave Music,53400000,37230876862,18622,Music,2014,1999295.288475996,0
32,EminemMusic,53000000,23717869724,140,Music,2007,169413355.17142856,2
33,Aaj Tak,52900000,20204939173,196497,News & Politics,2009,102825.68778658198,0
34,Tips Official,52800000,27883080973,3612,Music,2007,7719568.3756921375,0
35,T-Series Bhakti Sagar,52500000,24278576197,23870,Music,2011,1017116.7237955593,0
36,Sony Music India,52400000,24856641898,3180,Music,2009,7816554.055974843,0
37,Ed Sheeran,52200000,27881781761,253,Music,2006,110204670.99209486,17
38,El Reino Infantil,51700000,49895247456,1309,Music,2011,38117072.158899926,0
39,Ariana Grande,51600000,22158094076,146,Music,2007,151767767.6438356,1
40,LooLoo Kids - Nursery Rhymes and Children's Songs,49800000,29013984394,553,Music,2014,52466517.891500905,0
41,YRF,47600000,29366788406,3289,Film & Animation,2006,8928789.421100639,0
42,Taylor Swift,47100000,25563795998,189,Music,2006,135258179.88359788,1
43,Billie Eilish,46200000,11999349578,48,Music,2013,249986449.54166666,5
44,JuegaGerman,46100000,13698034536,1959,Gaming,2013,6992360.661562022,0
45,BillionSurpriseToys - English Kids Songs & Cartoon,45700000,8590657189,648,Education,2013,13257187.020061728,0
46,Infobells - Hindi,45600000,25635591765,476,Education,2014,53856285.22058824,0
47,Badabun,45600000,18567925780,13814,Entertainment,2014,1344138.249601853,0
48,Fernanfloo,45100000,9966728650,541,Gaming,2011,18422788.63216266,0
49,Felipe Neto,44300000,15475571879,3512,Entertainment,2006,4406484.020216401,0
50,BRIGHT SIDE,43900000,10058536263,4540,Howto & Style,2017,2215536.6218061675,0
51,whinderssonnunes,43900000,4120078906,521,Comedy,2013,7908020.932821497,0
52,Você Sabia?,43300000,7284075395,1315,Entertainment,2013,5539220.83269962,0
53,HolaSoyGerman.,43300000,4735959546,136,Entertainment,2011,34823231.955882356,0
54,Katy Perry,43200000,23966278157,118,Music,2008,203104052.1779661,0
55,SonyMusicIndiaVEVO,42700000,23991411417,3309,Music,2009,7250350.987307344,0
56,Bad Bunny,42500000,23748805401,123,Music,2014,193079718.70731708,2
57,Alan Walker,42200000,11731228995,318,Music,2012,36890657.216981135,0
58,Like Nastya Show,41500000,18745015002,599,Entertainment,2017,31293848.083472453,0
59,Get Movies,41300000,28559341412,3963,Entertainment,2006,7206495.435780974,0
60,A4,41200000,16717234472,645,Gaming,2014,25918192.97984496,0
61,Speed Records,40800000,24558172214,10327,Music,2012,2378054.828507795,1
62,ABS-CBN Entertainment,40600000,47544242811,179522,People & Blogs,2008,264837.97423714085,0
63,elrubiusOMG,40400000,7483116325,705,Gaming,2011,10614349.397163121,0
64,Shemaroo,39700000,20489429972,9707,Entertainment,2007,2110789.118368188,0
65,Rihanna,39600000,20092128845,79,Entertainment,2005,254330744.87341774,0
66,Little Baby Bum - Nursery Rhymes & Kids Songs,39500000,37136069429,1989,Education,2011,18670723.694821518,0
67,Luisito Comunica,39200000,7691260396,1119,Comedy,2012,6873333.687220733,0
68,Voot Kids,38800000,17685426640,3282,Entertainment,2016,5388612.626447288,0
69,Маша и Медведь,38700000,32833907997,1198,Film & Animation,2011,27407268.778797995,0
70,TheEllenShow,38300000,22335550787,14404,Entertainment,2006,1550649.1798805888,16
71,LUCCAS NETO - LUCCAS TOON,37800000,20454693770,1875,People & Blogs,2014,10909170.010666667,0
72,Ishtar Music,37800000,14999240876,4535,Trailers,2005,3307440.104961411,0
73,GR6 EXPLODE,37600000,23912270526,4180,Music,2014,5720638.881818182,0
74,XXXTENTACION,37600000,9725253939,126,Music,2015,77184555.07142857,3
75,One Direction,37400000,12698961117,157,Music,2010,80885102.65605095,0
76,Shakira,37200000,23715669906,287,People & Blogs,2005,82632996.18815331,0
77,Kimberly Loaiza,37200000,4254148920,206,People & Blogs,2016,20651208.349514563,0
78,WorkpointOfficial,37000000,33773658170,62039,Entertainment,2012,544393.9807218041,0
79,Daddy Yankee,36800000,20479831396,423,Music,2011,48415677.059101656,0
80,Toys and Colors,36500000,40932580174,821,Entertainment,2016,49856979.505481124,0
81,CarryMinati,36300000,2948237121,178,Comedy,2014,16563129.893258426,0
83,Maroon 5,36000000,20838666788,163,Music,2006,127844581.5214724,0
84,shfa,35900000,19083355034,847,People & Blogs,2015,22530525.42384888,0
85,TEDx Talks,35900000,6660397688,185006,Nonprofits & Activism,2009,36000.98206544653,0
86,shfa2 - شفا,35800000,20816532667,1351,People & Blogs,2017,15408240.316062177,0
87,Jkk Entertainment,35700000,15133442317,194,Comedy,2017,78007434.62371135,0
88,Super Simple Songs - Kids Songs,35300000,37440873935,600,Education,2006,62401456.55833333,0
89,Bruno Mars,35300000,17395825825,97,Music,2006,179338410.5670103,4
90,Ozuna,35200000,21048440606,137,Music,2016,153638252.59854016,0
91,Masha and The Bear,35100000,19426654260,935,Shows,2014,20777170.331550803,0
92,one31,34400000,26969165355,128901,Entertainment,2013,209223.86447738964,0
93,Goldmines Gaane Sune Ansune,34300000,14212434275,3171,Music,2015,4482003.871018606,0
94,Like Nastya ESP,33600000,15934957738,630,Entertainment,2017,25293583.71111111,0
95,J Balvin,33600000,21489532517,134,Music,2011,160369645.64925373,0
96,Mikecrack,33500000,13775632479,1727,Gaming,2015,7976625.63925883,0
97,VEGETTA777,33400000,14948682643,7130,Gaming,2008,2096589.4309957924,0
98,Ultra Bollywood,33400000,15508274562,9078,Trailers,2009,1708336.0389953735,0
99,Markiplier,33300000,18701808550,5200,Gaming,2012,3596501.644230769,13
101,ABP NEWS,33200000,10421462788,224455,People & Blogs,2012,46430.07635383485,0
102,Total Gaming,33200000,5935440954,1894,Gaming,2018,3133812.5417106654,0
103,Maria Clara & JP,33100000,20224535670,627,People & Blogs,2015,32256037.751196172,0
104,Desi Music Factory,33000000,9481987642,125,Music,2014,75855901.136,0
105,Ryan's World,32900000,51721734476,2198,Entertainment,2015,23531271.372156505,0
106,Geet MP3,32800000,11575367431,563,Music,2016,20560155.294849023,0
107,Sony PAL,32700000,23519452138,19383,Shows,2014,1213406.1877934271,0
108,NoCopyrightSounds,32700000,10436881173,1116,Music,2011,9352044.061827958,0
109,SSSniperWolf,32500000,20583922757,3095,Gaming,2013,6650702.021647819,8
110,T-Series Apna Punjab,32300000,18933492606,6524,Music,2011,2902129.4613733906,0
111,ARY Digital HD,32200000,25304311207,71075,Entertainment,2016,356022.66911009495,0
112,KHANDESHI MOVIES,32100000,10676727914,191,Comedy,2013,55899099.02617801,0
113,IndiaTV,31900000,13417041251,237971,News & Politics,2006,56380.9928562724,0
114,HAR PAL GEO,31900000,26003463646,61818,Entertainment,2008,420645.5020544178,0
115,JustinBieberVEVO,31800000,25304909929,205,Music,2009,123438585.01951219,4
116,Ch3Thailand,31600000,20335720484,76039,Entertainment,2014,267438.031589053,0
117,La Granja de Zenón,31500000,22808879757,558,Music,2013,40876128.59677419,0
118,GENIAL,31400000,6362416164,5453,Howto & Style,2017,1166773.549238951,0
119,Eros Now Music,31000000,16582648732,9807,Entertainment,2007,1690899.2283063119,0
120,Luis Fonsi,30900000,14480846921,121,Entertainment,2014,119676420.83471075,0
121,Selena Gomez,30900000,11583101067,182,Film & Animation,2008,63643412.45604396,0
122,Galinha Pintadinha,30800000,22858782418,62,Film & Animation,2006,368690039.0,0
123,SMTOWN,30800000,25203004950,3951,Music,2006,6378892.672741078,19
124,Mr Bean,30700000,9936630200,2661,Shows,2006,3734171.4393085307,0
125,Bollywood Classics,30600000,19244430138,2008,Music,2012,9583879.550796812,0
126,CVS 3D Rhymes & Kids Songs,30500000,18636699832,338,Education,2008,55138165.18343195,0
127,Ricis Official,30500000,5134450983,2003,People & Blogs,2016,2563380.420868697,0
128,Trap Nation,30400000,13348694779,2472,Music,2012,5399957.43487055,0
129,Rajshri,30300000,13287506122,3739,Music,2006,3553759.326557903,0
130,DisneyMusicVEVO,30100000,24693346235,1771,Music,2010,13943165.575945793,9
131,Dream,30000000,2673017855,110,Gaming,2014,24300162.318181816,4
132,The Tonight Show Starring Jimmy Fallon,29900000,16006240303,7897,Comedy,2006,2026876.0672407243,19
133,AH,29900000,4082464979,1809,Entertainment,2014,2256752.337755666,0
134,Saregama Music,29700000,12147894890,5718,Entertainment,2013,2124500.6803078,0
135,Spinnin' Records,29600000,20075386002,10826,Music,2007,1854367.8184001478,0
136,rezendeevil,29600000,12599347383,11571,Gaming,2012,1088872.8185117966,0
137,Shawn Mendes,29500000,11742431673,132,Music,2011,88957815.70454545,1
139,Boram Tube Vlog [보람튜브 브이로그],29400000,13109187449,223,Entertainment,2012,58785593.941704035,0
140,BabyBus - Kids Songs and Cartoons,29200000,23790606514,1825,Education,2016,13035948.77479452,0
141,AuronPlay,29200000,3935938048,404,Comedy,2006,9742420.91089109,0
142,The Weeknd,29100000,19280816380,123,Music,2011,156754604.71544716,4
143,Maluma,28700000,19638529002,20,Music,2018,981926450.1,0
144,Adele,28700000,12650300730,14,Music,2008,903592909.2857143,2
145,jacksepticeye,28600000,15485608801,4988,Gaming,2007,3104572.7347634323,15
146,ImagineDragons,28600000,14307239074,67,Music,2009,213540881.70149255,0
147,Worldwide Records Bhojpuri,28600000,14501468946,5927,Music,2012,2446679.4239919013,0
148,Ultra Music,28600000,16201384834,4665,Music,2006,3472965.6664523045,0
149,Jingle Toons,28600000,9728073444,228,Film & Animation,2013,42666988.78947368,0
150,ashish chanchlani vines,28600000,4054589048,147,Comedy,2009,27582238.421768706,0
151,PowerKids TV,28400000,14322875759,2509,Film & Animation,2014,5708599.3459545635,0
152,MrBeast Gaming,28400000,4943059589,132,Gaming,2020,37447421.128787875,20
153,Peppa Pig - Official Channel,28200000,21008328965,2020,Film & Animation,2013,10400162.853960397,0
154,قناة طيور الجنة | toyoraljanahtv,28100000,25743323512,3131,Entertainment,2008,8222077.1357393805,0
155,DONA 도나,28100000,18421172559,160,Entertainment,2018,115132328.49375,0
156,Techno Gamerz,28100000,7193172591,839,Gaming,2017,8573507.259833135,0
157,Wow Kidz,28000000,14967441549,3718,Film & Animation,2015,4025670.131522324,0
158,Talking Tom,28000000,13908482957,447,Comedy,2010,31115174.40044743,0
159,The Late Late Show with James Corden,27900000,9996299350,5422,Entertainment,2006,1843655.3578015491,21
160,Little Angel: Nursery Rhymes & Kids Songs,27700000,20217178677,1146,Education,2015,17641517.170157067,0
161,GMANetwork,27600000,26290731375,114067,Entertainment,2006,230484.9901812093,0
162,KAROL G,27400000,14040459862,121,Music,2013,116036858.36363636,0
163,TheDonato,27200000,5094142687,2491,Entertainment,2015,2045019.1437173826,0
164,Vlad và Nikita,27100000,17117316552,405,Unknown,2018,42264979.14074074,0
165,Round2hell,27100000,2862422681,67,Comedy,2016,42722726.58208955,0
166,infobells - Tamil,26900000,16492704526,460,Education,2014,35853705.491304345,0
167,Drake,26800000,12947966180,53,Music,2009,244301248.6792453,1
168,MR. INDIAN HACKER,26800000,4592841527,812,Science & Technology,2012,5656208.777093596,0
169,Zee News,26700000,12175851183,144314,News & Politics,2007,84370.54743822498,0
170,ToypuddingTV,26600000,15570902183,2579,Entertainment,2014,6037573.549050019,0
171,Genevieve's Playhouse - Learning Videos for Kids,26500000,18579474197,578,Education,2016,32144419.025951557,0
172,Bounce Patrol - Kids Songs,26400000,18891028184,205,Music,2013,92151356.99512196,0
173,Wiz Khalifa,26400000,12528940373,598,Music,2008,20951405.306020066,0
174,infobells - Telugu,26300000,13426911345,421,Education,2014,31892901.057007127,0
175,enchufetv,26300000,10022194205,994,Comedy,2011,10082690.347082496,0
176,AboFlah,26300000,3589276436,553,Gaming,2016,6490554.133815551,0
177,DanTDM,26200000,18809615646,3603,Gaming,2012,5220542.782681099,31
178,Aditya Music,26100000,22661822099,19992,Music,2008,1133544.5227591037,1
179,Lucas and Marcus,26100000,7942766503,968,Entertainment,2011,8205337.296487603,0
180,WORLDSTARHIPHOP,25900000,19426357466,6259,Music,2008,3103747.797731267,0
181,व्लाद और निकिता,25900000,15750623413,427,Unknown,2018,36886705.885245904,0
182,Michael Jackson,25800000,12588288710,7,Music,2005,1798326958.5714285,0
183,TaylorSwiftVEVO,25800000,23276597783,239,Music,2009,97391622.52301255,8
184,toycantando,25800000,13948216340,496,Music,2009,28121403.91129032,0
185,VanossGaming,25700000,14907579962,1581,Gaming,2011,9429209.337128399,0
186,LosPolinesios,25600000,7086413849,725,People & Blogs,2012,9774363.929655172,0
187,1MILLION Dance Studio,25500000,7409442051,4251,Entertainment,2015,1742988.0148200423,0
188,BB Ki Vines,25500000,4371751617,185,Entertainment,2015,23631089.821621623,0
189,Renato Garcia,25400000,6901320769,3648,Entertainment,2011,1891809.4213267544,0
190,JYP Entertainment,25200000,17152981455,1502,Music,2008,11420094.177762983,22
191,RihannaVEVO,25200000,18089677017,106,Music,2009,170657330.3490566,0
192,Nick Jr.,25100000,20691684541,4712,Film & Animation,2012,4391274.30836163,0
193,Smosh,25000000,10184035967,1366,Comedy,2005,7455370.400439239,1
194,EminemVEVO,24900000,18786748261,98,Music,2009,191701512.86734694,3
195,Marília Mendonça,24900000,16477333283,114,Music,2013,144538011.25438598,0
196,Beyoncé,24900000,15717379166,234,Music,2005,67168287.03418803,4
197,Yuya,24900000,2583410213,672,Howto & Style,2009,3844360.436011905,0
198,KatyPerryVEVO,24800000,22679485513,171,Music,2009,132628570.25146198,1
199,Jess No Limit,24700000,3060187306,1914,Entertainment,2017,1598843.9425287356,0
200,WatchMojo.com,24600000,15650528115,22492,Music,2007,695826.4322870354,0
201,Las Ratitas,24600000,9217427023,217,People & Blogs,2015,42476622.22580645,0
202,Nicki Minaj,24500000,9386490086,31,Music,2013,302790002.7741935,6
203,Super JoJo - Nursery Rhymes & Kids Songs,24400000,831718833,61,Unknown,2019,13634734.967213115,0
204,Goldmines Dishoom,24400000,7143695444,2844,Film & Animation,2016,2511847.9057665262,0
205,David Guetta,24300000,15959928823,633,Music,2009,25213157.698262244,0
206,Masha y el Oso,24300000,11006209206,840,Film & Animation,2016,13102630.007142857,0
207,Aditya Movies,24300000,7908171009,4274,Movies,2012,1850297.3816097332,0
208,Netflix,24300000,5678834326,5650,Entertainment,2012,1005103.4205309735,24
209,ZHC,24300000,2224916696,298,Film & Animation,2013,7466163.409395973,22
210,Post Malone,24200000,12492313399,51,Music,2011,244947321.5490196,0
211,1theK (원더케이),24200000,22605283252,16928,Music,2011,1335378.2639413988,3
212,Amit Bhadana,24100000,2242631303,93,Entertainment,2012,24114315.086021505,0
213,Rans Entertainment,24000000,5688277632,3060,People & Blogs,2015,1858914.2588235294,0
214,Chloe Ting,24000000,2735828023,367,Howto & Style,2011,7454572.269754768,0
215,Sandeep Maheshwari,24000000,1821164544,513,People & Blogs,2012,3550028.350877193,0
216,Raffy Tulfo in Action,23900000,12797189774,8755,News & Politics,2016,1461700.7166190748,0
217,KSI,23900000,5898102699,1242,Entertainment,2009,4748874.958937198,7
218,Collins Key,23900000,6368398946,251,Entertainment,2011,25372107.354581673,0
219,James Charles,23900000,3687600020,406,Entertainment,2015,9082758.669950739,3
220,Ninja,23900000,2447087199,1418,Gaming,2011,1725731.452045134,3
221,Coldplay,23500000,15078170011,347,Music,2010,43452939.5129683,11
222,Logan Paul,23500000,5889189870,712,Entertainment,2015,8271334.087078651,6
223,DJ Snake,23400000,7645734689,209,Music,2008,36582462.626794256,0
224,Chris Brown,23400000,13630944140,21,Music,2006,649092578.0952381,2
225,Happy Lives,23400000,10089784164,596,Science & Technology,2016,16929168.060402684,0
226,TRANS7 OFFICIAL,23300000,12454676964,78951,Entertainment,2014,157751.98495269218,0
227,Troom Troom,23200000,9797581328,1992,Howto & Style,2015,4918464.5220883535,0
228,ABPLIVE,23200000,6805551423,146479,People & Blogs,2017,46460.93585428628,0
229,Mister Max,23100000,14762469807,1046,People & Blogs,2014,14113259.85372849,0
230,NickyJamTV,23100000,15050718616,328,Music,2012,45886337.24390244,0
231,Shemaroo Movies,23000000,5590554837,2155,Entertainment,2011,2594224.9823665894,0
232,Sesame Street,22900000,21078177585,3425,Entertainment,2006,6154212.433576643,0
233,Enrique Iglesias,22900000,16539033540,405,Music,2007,40837119.85185185,0
234,netd müzik,22800000,50658927334,20482,Music,2014,2473338.899228591,0
235,Jelly,22800000,14239994409,5667,Gaming,2014,2512792.3785071466,1
236,Erlania e Valentina Pontes,22700000,7556615404,1117,Film & Animation,2014,6765098.839749329,0
237,DrossRotzank,22500000,5743037460,1508,Entertainment,2006,3808380.2785145887,0
238,Anuel AA,22400000,11627613226,92,Music,2016,126387100.2826087,1
239,Goldmines Bollywood,22400000,7122122133,2409,Film & Animation,2015,2956464.1481942716,0
240,Miss Katy,22300000,13424354473,990,People & Blogs,2014,13559954.013131313,0
241,The Chainsmokers,22300000,13337815978,237,Music,2012,56277704.54852321,0
242,Crazy XYZ,22300000,5869132761,1085,Entertainment,2017,5409338.950230415,0
243,Frost Diamond,22300000,5357578673,2191,Gaming,2014,2445266.3957097214,0
244,Mark Rober,22300000,2935811566,107,Science & Technology,2011,27437491.271028038,11
245,The Lallantop,22200000,8155335430,39370,News & Politics,2015,207145.93421386843,0
246,Technical Guruji,22200000,3065204553,4609,Science & Technology,2015,665047.6357127359,0
247,GMM GRAMMY OFFICIAL,22100000,24128528075,13755,Music,2010,1754164.1639403852,0
248,HUM TV,22100000,16656148835,59428,Entertainment,2011,280274.4301507707,0
249,Like Nastya AE,22100000,11179266145,576,Entertainment,2018,19408448.168402776,0
250,WB Kids,22100000,9340794746,1722,People & Blogs,2015,5424387.192799071,0
251,Venus Movies,22100000,6293790011,2456,Entertainment,2010,2562618.082654723,0
252,OneDirectionVEVO,22000000,11550410746,266,Music,2010,43422596.78947368,0
253,Smile Family,22000000,8261468075,413,People & Blogs,2018,20003554.66101695,0
254,mmoshaya,21900000,16356422375,1139,People & Blogs,2010,14360335.711150132,0
255,Lady Gaga,21900000,13835267771,172,People & Blogs,2008,80437603.31976745,0
256,White Hill Music,21700000,9719487276,5094,Entertainment,2014,1908026.5559481743,0
257,Paulo Londra,21700000,7061442001,52,Music,2016,135796961.55769232,2
258,America's Got Talent,21700000,4016933296,2751,Entertainment,2006,1460172.0450745183,7
259,TED,21700000,2370380465,4005,People & Blogs,2006,591855.2971285892,0
260,Sia,21600000,12150226022,144,Music,2007,84376569.59722222,0
261,Diana and Roma ARA,21600000,9790033957,503,Unknown,2019,19463288.184890658,0
262,Wave Music Bhojpuri,21500000,12148385591,21294,Music,2014,570507.4476847938,0
263,Peppa Pig Español Latino - Canal Oficial,21500000,6961098158,949,Film & Animation,2014,7335193.001053741,0
264,FaZe Rug,21500000,6009951177,1997,Gaming,2012,3009489.8232348524,7
265,Goldmines Movies,21400000,4575205400,4025,Film & Animation,2013,1136696.9937888198,0
266,Pen Movies,21200000,5588648749,1569,Film & Animation,2014,3561917.6220522625,0
267,nigahiga,21200000,4357416327,403,Entertainment,2006,10812447.461538462,0
268,BabyBus - Canciones Infantiles & Cuentos,21100000,11922457689,973,Education,2018,12253296.699897226,0
269,Enaldinho,21100000,7382859153,2908,Comedy,2012,2538809.887551582,0
270,SSundee,21000000,12022708572,3067,Gaming,2009,3920022.358004565,23
271,Tasty,21000000,5508445771,4310,Howto & Style,2016,1278061.6638051043,1
272,FGTeeV,20900000,22567064225,1594,Gaming,2013,14157505.787327478,0
273,Dua Lipa,20900000,9928011592,164,Music,2011,60536656.048780486,0
274,5-Minute Crafts DIY,20900000,4934552904,3961,Howto & Style,2018,1245784.626104519,0
275,Juan De Dios Pantoja,20900000,1601142353,175,Entertainment,2014,9149384.874285715,0
276,Indosiar,20800000,10126082404,58623,Music,2013,172732.245091517,0
277,Like Nastya PRT,20800000,10441789042,529,Entertainment,2019,19738731.648393195,0
278,Preston,20800000,6955897177,3861,Gaming,2012,1801579.1704221703,8
279,Baim Paula,20800000,4254648656,1957,People & Blogs,2016,2174066.763413388,0
280,Charlie Puth,20700000,8609202215,132,Music,2009,65221228.90151515,5
281,Canal Canalha,20700000,1834293432,291,Comedy,2011,6303413.855670103,0
282,MrBeast en Español,20700000,2290112686,72,Entertainment,2021,31807120.638888888,0
283,Goldmines Cineplex,20600000,1796017693,2474,Film & Animation,2015,725957.0303152789,0
284,Brent Rivera,20500000,4655819045,484,Comedy,2009,9619460.83677686,7
285,Kids TV - Nursery Rhymes And Baby Songs,20400000,11747446967,3367,Shows,2013,3488995.2381942384,0
286,Disney Latinoamérica,20400000,19296050086,7811,Entertainment,2007,2470368.721802586,0
287,Becky G,20400000,9552800638,73,Music,2011,130860282.71232876,0
288,Family GamesTV,20400000,7061690830,277,Entertainment,2016,25493468.70036101,0
289,Jake Paul,20400000,7219140294,934,People & Blogs,2013,7729272.263383297,5
290,National Geographic,20400000,5199519260,9854,Science & Technology,2006,527655.6992084433,0
291,Tekashi 6ix9ine,20400000,5325195339,25,People & Blogs,2018,213007813.56,0
292,BuzzFeedVideo,20300000,17755714250,7347,People & Blogs,2011,2416729.8557234243,0
293,Brave Wilderness,20300000,4606459332,718,Pets & Animals,2014,6415681.520891365,0
294,D Billions,20200000,21872499520,429,Unknown,2019,50984847.36596736,0
295,Avicii,20200000,9499913181,149,Music,2009,63757806.58389262,0
296,REACT,20100000,12940702514,3885,Entertainment,2007,3330940.158043758,0
297,LazarBeam,20100000,8389982773,1258,Gaming,2015,6669302.681240063,17
298,StarPlus,20100000,12116551500,12702,Entertainment,2006,953908.9513462447,0
299,AuthenticGames,20100000,8852635760,4638,Gaming,2011,1908718.3613626563,0
300,Vevo,20000000,546905035,1519,Music,2006,360042.81435154704,0
301,Skrillex,20000000,6307539008,180,Music,2010,35041883.37777778,0
302,Rotana,20000000,16480938259,8109,Music,2012,2032425.4851399679,0
303,Ultra Movie Parlour,20000000,4930920530,1302,Movies,2011,3787189.3471582183,0
304,SlivkiShow,20000000,4345234891,426,Entertainment,2012,10200081.903755868,0
305,HaerteTest,20000000,3027361293,1160,Science & Technology,2011,2609794.2181034484,0
306,5-Minute Crafts PLAY,19900000,5616881420,4440,Howto & Style,2017,1265063.3828828828,0
307,Alan Becker,19900000,4321286202,116,Film & Animation,2006,37252467.25862069,6
308,JennaMarbles,19900000,1761774908,250,Comedy,2010,7047099.632,0
309,Mnet K-POP,19800000,15394134862,29028,Entertainment,2006,530320.2033209315,14
310,Lyrical Lemonade,19800000,9563010656,408,Entertainment,2013,23438751.60784314,8
311,Pencilmation,19800000,10849211839,1153,Film & Animation,2007,9409550.597571552,0
312,Tlnovelas,19700000,12776498114,29574,News & Politics,2013,432017.9250016907,0
313,Pentatonix,19700000,5694327707,235,Music,2011,24231181.731914893,0
314,Totoy kids - Português,19700000,3826474945,174,Film & Animation,2014,21991235.316091955,0
315,LankyBox,19600000,25787517689,5545,Comedy,2016,4650589.3036970245,0
316,toyorbabytv,19600000,13978892435,1057,Music,2012,13225063.798486281,0
317,Vlad and Niki Arabic,19600000,9147535900,417,Unknown,2018,21936536.930455636,0
318,shane,19600000,4269173489,566,People & Blogs,2005,7542709.344522968,7
319,Marvel Entertainment,19500000,5098361752,7989,Entertainment,2005,638172.7064713981,21
320,Noor Stars,19500000,2545886796,627,Comedy,2014,4060425.5119617223,0
321,GMA Public Affairs,19400000,11968987179,37390,Entertainment,2009,320111.98660069535,0
322,Romeo Santos,19400000,14819598563,28,Music,2005,529271377.25,0
323,Got Talent Global,19400000,7383775138,2454,Entertainment,2013,3008873.324368378,0
324,Dr. Vivek Bindra: Motivational Speaker,19400000,1478660028,683,Education,2013,2164948.796486091,0
325,Linkin Park,19300000,11783975855,592,Music,2006,19905364.61993243,0
326,Gordon Ramsay,19300000,3631748240,1287,Entertainment,2006,2821871.2043512044,3
327,Troom Troom Es,19200000,7139476227,2591,People & Blogs,2016,2755490.631802393,0
328,Gusttavo Lima Oficial,19200000,11815001366,335,Music,2010,35268660.794029854,0
329,Kinder Spielzeug Kanal,19200000,9413508600,699,Entertainment,2015,13467108.154506437,0
330,Infinite,19200000,4383533818,1517,Entertainment,2014,2889606.9993408043,1
331,Deddy Corbuzier,19200000,4075368246,1132,Entertainment,2009,3600148.6272084806,0
333,Robin Hood Gamer,19100000,9328209625,3750,Entertainment,2014,2487522.566666667,0
334,★ Kids Roma Show,19100000,6410853410,589,People & Blogs,2015,10884301.205432937,0
335,Fatos Desconhecidos,19100000,3252868093,5240,Entertainment,2013,620776.3536259542,0
336,JukiLop,19100000,1540403509,85,People & Blogs,2017,18122394.223529413,0
337,Crafty Panda,19000000,5672497949,613,People & Blogs,2017,9253667.127243066,0
338,Kurzgesagt – In a Nutshell,19000000,2052293685,161,Education,2013,12747165.745341616,17
339,DLS News,19000000,1946197106,3559,News & Politics,2017,546838.186569261,0
340,NBA,18900000,10791851871,42086,Sports,2005,256423.79582283896,10
341,Jimmy Kimmel Live,18800000,12472520905,6073,Entertainment,2006,2053765.9978593776,11
342,The ACE Family,18800000,4497282091,668,People & Blogs,2016,6732458.22005988,4
343,Clash of Clans,18800000,3623586697,553,Gaming,2013,6552598.005424955,25
344,Sun TV,18700000,13622998578,34648,People & Blogs,2016,393182.8266566613,2
345,Ninja Kidz TV,18700000,9145485770,267,Entertainment,2017,34252755.692883894,0
346,Netflix India,18700000,5228700571,2707,People & Blogs,2016,1931548.0498707055,1
347,Beast Reacts,18700000,2528480817,215,People & Blogs,2016,11760375.893023256,38
348,Britain's Got Talent,18600000,10512530241,3735,Entertainment,2008,2814599.796787149,15
349,TRT Originals Urdu,18600000,7370103100,740,Entertainment,2020,9959598.783783784,0
350,Lil Nas X,18600000,5659051618,37,Music,2018,152947341.02702704,4
351,Calvin Harris,18500000,14886853329,76,Music,2007,195879649.06578946,0
352,Green Gold TV - Official Channel,18500000,8985315647,1090,Film & Animation,2011,8243408.850458716,0
353,TheWillyrex,18500000,6957319094,6798,Comedy,2011,1023436.1715210356,0
354,Cardi B,18500000,7069624864,60,People & Blogs,2016,117827081.06666666,1
355,invictor,18500000,7050721828,2106,Gaming,2013,3347921.095916429,0
356,shakiraVEVO,18400000,22257341033,189,Music,2009,117763709.16931216,1
357,CKN,18300000,18786377776,814,Entertainment,2015,23079088.176904175,0
358,Official Pink Panther,18300000,9942133522,629,Film & Animation,2013,15806253.612082671,0
359,Sonotek,18300000,7133240982,8169,Entertainment,2011,873208.5912596401,0
360,MiawAug,18200000,5236302709,3287,Gaming,2014,1593033.9850927899,0
361,KBS WORLD TV,18200000,13926619677,58485,Entertainment,2007,238122.93198255962,8
362,Turma da Mônica,18200000,13088159940,1094,Film & Animation,2012,11963583.126142597,0
363,CookieSwirlC,18200000,20938593710,3571,Entertainment,2013,5863509.859983198,0
364,David Dobrik,18200000,7087407988,536,People & Blogs,2014,13222776.097014925,2
365,Unbox Therapy,18200000,4332532776,2053,Science & Technology,2010,2110342.3166098394,11
366,The Royalty Family,18200000,4490004408,633,People & Blogs,2017,7093213.914691943,2
367,A_S Gaming,18200000,2476464261,932,Gaming,2016,2657150.494635193,0
368,HiMan,18200000,2367699484,326,People & Blogs,2014,7262881.852760736,0
369,BabyBus - Cerita & Lagu Anak-anak,18100000,10232250581,672,Education,2019,15226563.364583334,0
370,Dan-Sa / Daniel Saboya,18100000,6165702828,2062,Music,2007,2990156.5606207564,0
371,Vania Mania Kids,18100000,6908411472,825,People & Blogs,2015,8373832.087272727,0
372,PDK Films,18100000,3910330714,108,Entertainment,2009,36206765.87037037,0
373,GEN HALILINTAR,18100000,3178960318,969,Entertainment,2015,3280660.802889577,0
374,ElTrollino,18000000,5486103239,1517,Entertainment,2013,3616416.1100856955,0
375,Мирошка ТВ,18000000,4603751673,84,Education,2018,54806567.53571428,0
376,TheOdd1sOut,18000000,4023496321,113,Comedy,2014,35606162.132743366,9
377,INCRÍVEL,18000000,3017467860,5682,People & Blogs,2017,531057.3495248152,0
378,Emiway Bantai,18000000,3038899728,201,Music,2013,15118904.119402984,0
379,Vsauce,18000000,2415927927,391,Science & Technology,2007,6178843.803069054,5
380,Farruko,17900000,8480000414,193,Music,2009,43937825.97927461,0
381,Diana and Roma EN,17900000,3868166958,424,People & Blogs,2011,9123035.278301887,0
382,ArianaGrandeVevo,17800000,19011269725,177,Music,2010,107408303.53107345,2
383,Like Nastya Vlog,17800000,7561933732,397,People & Blogs,2016,19047692.020151135,0
384,Demi Lovato,17800000,6495131112,282,Music,2008,23032379.829787236,0
385,Lele Pons,17800000,4958584356,154,Comedy,2015,32198599.714285713,0
386,Lil Pump,17800000,4091109829,59,Music,2015,69340844.55932203,0
387,Naisa Alifia Yuriza (N.A.Y),17800000,2521515641,1462,People & Blogs,2017,1724702.9008207934,0
388,SCTV,17700000,8588329369,50080,Entertainment,2011,171492.19986022366,0
389,Good Mythical Morning,17700000,8074270215,2980,Entertainment,2008,2709486.649328859,3
390,TheGrefg,17700000,6077820746,3332,Gaming,2012,1824075.8541416568,0
391,Ali-A,17700000,5766028299,3920,Gaming,2006,1470925.586479592,5
392,Marmok,17700000,3131925799,344,Gaming,2008,9104435.462209303,0
393,Mother Goose Club Playhouse,17600000,15500399390,1282,Shows,2009,12090795.15600624,0
394,RsiamMusic : อาร์สยาม,17600000,10952154122,2663,Music,2011,4112712.775816748,0
395,Little Angel Español - Canciones Infantiles,17600000,8525569510,580,Education,2018,14699257.77586207,0
396,Познаватель,17600000,8522826642,476,Entertainment,2014,17905097.98739496,0
397,JFlaMusic,17600000,3657526529,282,Music,2011,12969952.230496453,0
398,Village Cooking Channel,17600000,4477436881,211,Howto & Style,2018,21220080.004739337,0
399,FactTechz,17500000,2112929572,578,Entertainment,2016,3655587.4948096885,0
400,Sebastián Yatra,17400000,9316925082,196,News & Politics,2013,47535332.051020406,0
401,officialpsy,17400000,9825292199,119,Music,2010,82565480.66386555,7
402,Vlad and Niki IDN,17400000,8231518268,392,Unknown,2018,20998771.091836736,0
403,Porta dos Fundos,17400000,7258838590,1960,Entertainment,2012,3703489.076530612,0
404,Liza Koshy,17400000,2595554113,189,Comedy,2013,13733090.544973545,0
405,etvteluguindia,17300000,19465295267,111360,Entertainment,2010,174796.11410739942,0
406,Vijay Television,17300000,19901616359,27059,Entertainment,2007,735489.7209431243,0
407,TED-Ed,17300000,3287834094,1948,Education,2011,1687799.842915811,0
408,Stubborn Facts,17300000,827786482,217,Film & Animation,2016,3814684.248847926,0
409,PopularMMOs,17200000,14475783059,4686,Gaming,2012,3089155.582373026,0
410,SQUEEZIE,17200000,9258609822,1471,Gaming,2011,6294092.33310673,0
411,Masha e o Urso,17200000,7131816532,856,Shows,2016,8331561.369158879,0
412,Willyrex,17200000,4808457361,6686,Gaming,2009,719182.9735267723,0
413,RobleisIUTU,17200000,4680573231,1145,Entertainment,2013,4087836.8829694325,0
414,EeOneGuy,17200000,3804413513,363,Entertainment,2013,10480477.99724518,0
415,LuisFonsiVEVO,17100000,14008585257,96,Music,2009,145922763.09375,0
416,GRAMMY GOLD OFFICIAL,17100000,17974040182,5334,Music,2014,3369711.320209974,0
417,SUPER SLICK SLIME SAM,17100000,6078466417,741,Howto & Style,2018,8203058.592442645,0
418,HowToBasic,17100000,3561001854,563,Howto & Style,2011,6325047.698046181,0
419,李子柒 Liziqi,17100000,2801548472,128,Howto & Style,2017,21887097.4375,0
420,Gaby and Alex,17000000,7942553236,351,Entertainment,2012,22628356.797720797,0
421,شبكة العاب العرب | Arab Games Network,17000000,7723277433,5515,Gaming,2013,1400412.9524932003,0
422,Kiddiestv Hindi - Nursery Rhymes & Kids Songs,17000000,6221383175,192,Education,2017,32403037.369791668,0
423,Rafa & Luiz,17000000,6273315738,2184,Entertainment,2015,2872397.3159340657,0
424,Khan GS Research Centre,17000000,1670639781,347,Education,2019,4814523.864553314,0
425,हिंदी - Genevieve's Playhouse,16900000,9195178282,96,Education,2018,95783107.10416667,0
426,الـريماس - Al-Remas,16900000,10550888024,2047,Music,2013,5154317.5495847585,0
427,Junya.じゅんや,16900000,9529205653,3150,Entertainment,2020,3025144.651746032,0
428,Guava Juice,16900000,8614218175,1754,Gaming,2006,4911184.82041049,1
429,Doggy Doggy Cartoons,16800000,6459285262,4723,Entertainment,2012,1367623.3881007833,0
430,IGN,16800000,14633922961,149770,Gaming,2006,97709.30734459504,8
431,Jason Derulo,16800000,8808599101,451,Music,2008,19531261.86474501,3
432,Maya and Mary,16800000,6304251610,539,Entertainment,2013,11696199.647495361,0
433,DUDU e CAROL,16700000,6530946230,2874,Autos & Vehicles,2013,2272423.879610299,0
434,Jane ASMR 제인,16700000,6443586305,1546,Unknown,2012,4167908.347347995,0
435,Anitta,16700000,6610175435,99,Music,2011,66769448.83838384,3
436,Werever2morro,16700000,2714071108,972,Entertainment,2007,2792254.2263374487,0
437,Triggered Insaan,16700000,2657491028,265,Comedy,2014,10028268.03018868,0
438,7clouds,16600000,11637964945,1940,Music,2013,5998951.00257732,0
439,Tu COSMOPOLIS,16600000,4875900353,6796,People & Blogs,2014,717466.2085050029,0
440,DeToxoMoroxo,16600000,2212149791,488,Entertainment,2012,4533093.834016394,0
441,Sourav Joshi Vlogs,16500000,5970849535,1039,People & Blogs,2019,5746727.175168431,0
442,TheBrianMaps,16500000,4090289417,476,Comedy,2012,8593044.99369748,0
443,Manual do Mundo,16500000,3367572384,2117,Howto & Style,2006,1590728.5706188001,0
444,SonyMusicSouthVEVO,16400000,15090557603,4304,Music,2014,3506170.44679368,0
445,zbing z.,16400000,8307904773,2763,Gaming,2014,3006842.11834962,0
446,Dhar Mann,16400000,8642459264,649,People & Blogs,2018,13316578.218798151,0
447,IDEAS EN 5 MINUTOS,16400000,3509049258,4658,Howto & Style,2017,753338.1833404895,0
448,W2S,16300000,4739609055,653,Gaming,2012,7258206.822358347,0
449,Shemaroo Comedy,16300000,4923411314,3467,Entertainment,2007,1420078.2561292183,0
450,ExtraPolinesios,16300000,4696367446,480,People & Blogs,2012,9784098.845833333,0
451,Goldmines Great Indian Comedy,16300000,4238595667,2008,Film & Animation,2016,2110854.415836653,0
452,Prajapati News,16300000,907965523,1081,Comedy,2013,839931.1036077706,0
453,SOMOY TV,16200000,9476895180,124072,News & Politics,2015,76382.22306402733,0
454,Sony AATH,16200000,10718891416,14759,Shows,2013,726261.3602547598,0
455,Miley Cyrus,16200000,6235405830,124,Entertainment,2009,50285530.88709678,0
456,Sandra Cires Art,16200000,3702173328,953,Howto & Style,2011,3884756.902413431,0
457,tanboy kun,16200000,3020272233,582,People & Blogs,2016,5189471.19072165,0
458,Sidhu Moose Wala,16200000,4078330367,111,Music,2017,36741715.018018015,1
459,Blippi - Educational Videos for Kids,16100000,12991967769,453,Education,2014,28679840.549668875,0
460,Queen Official,16100000,9723539941,908,Music,2008,10708744.428414097,0
461,Travis Scott,16100000,7187033169,13,Music,2013,552848705.3076923,0
462,Les' Copaque Production,16100000,7954662776,1427,Film & Animation,2009,5574395.778556412,0
463,Zuni and Family,16100000,5830669187,176,People & Blogs,2017,33128802.198863637,0
464,Sidemen,16100000,4196033350,264,Entertainment,2015,15894065.719696969,34
465,The Game Theorists,16100000,3546490692,659,Gaming,2009,5381624.722306525,26
466,Antrax,16100000,2949891202,654,Gaming,2015,4510537.006116208,0
467,Canal IN,16100000,2573050059,723,People & Blogs,2017,3558852.0871369294,0
468,Dushyant kukreja,16000000,11095340736,571,Entertainment,2015,19431419.85288967,0
469,TRANS TV Official,16000000,8780937851,123467,Entertainment,2014,71119.71499267011,0
470,Little Mix,16000000,7047968268,278,Music,2011,25352403.84172662,4
471,RKD Studios,16000000,4133234619,622,Entertainment,2014,6645071.734726688,0
472,FailArmy,16000000,2041620563,337,Comedy,2011,6058221.255192879,0
473,El Reino a Jugar,15900000,10175537321,872,Education,2015,11669194.175458716,0
474,DopeLyrics,15900000,9803533121,1937,Music,2016,5061194.177077956,0
475,Boyce Avenue,15900000,6230190520,438,Music,2007,14224179.269406393,0
476,Camila Cabello,15900000,6086165889,61,Music,2015,99773211.29508197,1
477,VICE,15900000,4174962442,3694,Entertainment,2005,1130200.9859231187,4
478,Kaykai Salaider,15900000,4248704474,399,Comedy,2011,10648382.140350876,0
479,Fede Vigevani,15900000,4745414554,865,Howto & Style,2009,5486028.386127167,0
480,Marques Brownlee,15900000,3082486680,1454,Science & Technology,2008,2120004.5942228334,17
481,jeffreestar,15900000,2575183135,428,Howto & Style,2006,6016783.025700934,15
482,Apple,15900000,808136104,205,Science & Technology,2005,3942127.3365853657,12
483,Kids Play,15800000,7713981883,545,Entertainment,2018,14154095.198165137,0
484,Aayu and Pihu Show,15800000,7837311552,352,Comedy,2017,22265089.636363637,0
485,JJ Olatunji,15800000,3631494389,1183,Gaming,2011,3069733.2113271346,20
486,Katie Angel,15800000,3007947714,732,People & Blogs,2015,4109218.1885245903,0
487,MissaSinfonia,15800000,1918777559,232,Comedy,2011,8270592.926724138,0
488,AMARINTV : อมรินทร์ทีวี,15700000,11194074075,97231,Entertainment,2014,115128.6531558865,0
489,Rotten Tomatoes Trailers,15700000,12811981848,9582,Film & Animation,2011,1337088.483406387,1
490,Pitbull,15700000,11458130113,302,Music,2006,37940828.18874172,0
491,Enes Batur,15700000,9410061135,1979,Gaming,2012,4754957.622536635,0
492,Jennifer Lopez,15700000,9512025119,224,Music,2005,42464397.852678575,2
493,Jason Vlogs,15700000,7137778517,666,Education,2015,10717385.16066066,0
494,Alejo Igoa,15700000,5276127016,699,Comedy,2014,7548107.319027182,0
495,Matt Stonie,15700000,3249162653,401,Entertainment,2012,8102650.007481297,7
496,Caeli YT,15700000,1509244860,545,Entertainment,2010,2769256.623853211,0
497,Pop Chartbusters,15600000,7817983360,2154,Music,2011,3629518.737233055,0
498,Tilak,15600000,6132515137,3614,Film & Animation,2020,1696877.4590481461,0
499,AdMe,15600000,4012749893,5356,Entertainment,2015,749206.4774085138,0
500,FunFun Toy Doll TV,15500000,6948469648,706,Entertainment,2016,9842024.997167138,0
501,News24,15500000,5982443648,157377,News & Politics,2014,38013.4558925383,0
502,Roman Atwood Vlogs,15500000,5442036950,1726,People & Blogs,2013,3152976.216685979,7
503,Dyland PROS,15500000,1294519810,1803,Entertainment,2015,717981.0371602884,0
504,Gato Galactico | GALÁXIA,15400000,5602802498,2085,Film & Animation,2013,2687195.4426858514,0
505,FitDance,15400000,6541827030,3537,Music,2013,1849541.145038168,0
506,Smile Family Spanish,15400000,5534075089,343,Unknown,2019,16134329.705539359,0
507,wifistudy,15400000,2805232542,46290,Education,2014,60601.26467919637,0
509,RCTI - LAYAR DRAMA INDONESIA,15300000,12818689835,58886,Entertainment,2015,217686.54408518155,0
510,SriBalajiMovies,15200000,8199671601,16953,Entertainment,2011,483670.83118032204,0
511,Oyuncak Avı,15200000,8085387780,544,Entertainment,2014,14862845.18382353,0
512,AdeleVEVO,15200000,11470355227,51,Music,2009,224908926.01960784,9
513,Camilo,15200000,6003697328,80,Music,2010,75046216.6,0
514,Kerajinan 5-Menit,15200000,4465727515,3392,People & Blogs,2018,1316547.0268278301,0
515,Bizarrap,15200000,4683488651,78,Comedy,2017,60044726.29487179,3
516,T3ddy,15200000,2528566554,1700,Comedy,2012,1487392.0905882353,0
517,Musas,15200000,2359375167,611,Howto & Style,2012,3861497.8183306055,0
518,Dan Rhodes,15100000,10715145365,1315,Entertainment,2015,8148399.517110266,2
519,With Kids[위드키즈],15100000,7990515155,863,Entertainment,2012,9258997.862108922,0
520,And TV,15100000,11583824903,26477,Entertainment,2015,437505.1895229822,0
521,TheRichest,15100000,2919203136,2206,Education,2014,1323301.5122393472,0
522,LOKESH GAMER,15100000,1535589708,1186,Gaming,2017,1294763.666104553,0
523,Technoblade,15100000,1488692745,988,Gaming,2013,1506774.0334008096,7
524,Ch7HD,15000000,11688798550,49889,Entertainment,2010,234296.10836056044,0
525,POPS Kids,15000000,8678492072,4478,Music,2014,1938028.6002679768,0
526,SAM SMITH,15000000,8769075543,67,Music,2012,130881724.52238806,0
527,Like Nastya IDN,15000000,6483845834,430,Entertainment,2019,15078711.241860464,0
528,Like Nastya VNM,15000000,8132415475,456,Entertainment,2019,17834244.4627193,0
529,5-Minute Crafts FAMILY,15000000,5438131771,3440,People & Blogs,2018,1580852.2590116279,0
530,zayn,15000000,4559692349,14,Music,2016,325692310.64285713,0
531,Makiman131,15000000,4484263923,3102,Gaming,2013,1445604.1015473888,0
532,حِرف إبداعية في 5 دقائق,15000000,4160511912,4404,Howto & Style,2017,944712.0599455041,0
533,Stokes Twins,15000000,2774875062,216,People & Blogs,2008,12846643.805555556,5
534,Ranz Kyle,15000000,1678559984,479,People & Blogs,2008,3504300.592901879,0
536,Henrique e Juliano,14900000,12484253152,285,Music,2009,43804397.024561405,0
537,LEGO,14900000,18840617532,28683,Entertainment,2005,656856.5886413555,1
538,Volga Video,14900000,9171517368,18735,Film & Animation,2012,489539.2243394716,0
539,Lahari Music | T-Series,14900000,10469251425,8169,Music,2011,1281582.9875137715,0
540,Kwebbelkop,14900000,6655475239,4951,Gaming,2008,1344268.8828519492,2
541,Talking Tom & Friends,14900000,6178735188,392,Entertainment,2010,15762079.56122449,0
542,Mariale,14900000,2568493946,1918,Howto & Style,2010,1339152.2137643378,0
543,Harsh Beniwal,14900000,1630452954,158,Comedy,2015,10319322.493670886,0
544,GMMTV OFFICIAL​​,14800000,10387146066,19368,Entertainment,2010,536304.5263320942,0
545,BIGBANG,14800000,7353265213,776,Music,2005,9475857.233247424,1
546,La Rosa de Guadalupe,14800000,8349695433,5225,Entertainment,2015,1598027.8340669856,0
547,Dave and Ava - Nursery Rhymes and Baby Songs,14800000,9864262216,732,Education,2014,13475768.054644808,0
548,League of Legends,14800000,6604382784,1340,Gaming,2009,4928643.868656716,12
549,Super Senya,14800000,4790199895,525,Entertainment,2016,9124190.276190476,0
550,Lachlan,14800000,5013387703,3646,Gaming,2013,1375037.7682391661,13
551,Reaction Time,14800000,4255591418,1684,Entertainment,2015,2527073.2885985747,0
552,ERB,14800000,3905723697,85,Entertainment,2006,45949690.55294117,2
553,YOLO AVENTURAS,14800000,3689834035,976,People & Blogs,2018,3780567.6588114756,0
554,MrBeast Shorts,14800000,1938796955,87,People & Blogs,2020,22285022.471264366,10
555,Niana Guerrero,14800000,1359023136,391,Entertainment,2013,3475762.496163683,0
556,Zé Neto e Cristiano,14700000,10398104437,212,Music,2012,49047662.43867925,0
557,Dangal TV Channel,14700000,8282592676,8625,Entertainment,2017,960300.6001159421,0
558,MK MUSIC,14700000,7773089325,4624,Music,2010,1681031.428416955,0
559,NDTV India,14700000,5647481648,65241,News & Politics,2008,86563.38265814442,0
560,les boys tv2,14700000,4518966874,381,Entertainment,2017,11860805.443569554,0
561,iTownGamePlay *Terror&Diversión*,14700000,4784433628,7674,Entertainment,2012,623460.2069324993,0
562,Planeta das Gêmeas,14700000,4468774867,899,People & Blogs,2015,4970828.550611791,0
563,IDEIAS INCRÍVEIS,14700000,3498040367,4643,Howto & Style,2017,753400.8974800776,0
564,Linus Tech Tips,14700000,6062569897,5864,Science & Technology,2008,1033862.5335948159,10
565,Maroon5VEVO,14600000,18917303323,143,Music,2009,132288834.42657343,0
566,Major Lazer Official,14600000,8886913617,407,Music,2009,21835168.592137594,0
567,Jorge & Mateus Oficial,14600000,7981563626,294,Music,2008,27148175.598639455,0
568,NMF News,14600000,6090840731,95987,News & Politics,2013,63454.85045891631,0
569,BBC News Hindi,14600000,5544547819,16437,News & Politics,2009,337321.1546510921,0
570,Lilly Singh,14600000,3480250258,858,Comedy,2010,4056235.731934732,0
571,MattyBRaps,14600000,3226020734,175,Music,2010,18434404.194285713,0
572,Daftar Populer,14600000,1859586741,2898,Education,2017,641679.3447204969,0
573,LEGENDA FUNK,14600000,1310544121,2250,Music,2013,582464.0537777778,0
574,SelenaGomezVEVO,14500000,10323589482,183,Music,2009,56413057.27868853,1
575,El Payaso Plim Plim,14500000,12573029533,992,Film & Animation,2013,12674424.932459677,0
576,Fueled By Ramen,14500000,12629200270,1190,Music,2006,10612773.336134454,1
577,Thairath Online,14500000,11995915981,209097,News & Politics,2010,57370.1008670617,0
578,CollegeHumor,14500000,7331868655,3307,Comedy,2006,2217075.4928938616,0
579,Bollywood Classics,14500000,6036342725,1147,Entertainment,2011,5262722.515257193,0
580,Zhong,14500000,9685321623,1081,Entertainment,2015,8959594.470860314,5
581,Wow Kidz Action,14500000,6378481319,1445,Film & Animation,2017,4414173.923183391,0
582,News18 India,14500000,5069817134,120858,News & Politics,2007,41948.544026874515,0
583,XpressTV,14500000,3644137000,630,Entertainment,2014,5784344.444444444,0
584,Maha Fun Tv,14500000,2385190008,51,Entertainment,2017,46768431.52941176,0
585,Mobile Legends: Bang Bang Official,14500000,2655046551,2410,Gaming,2016,1101679.0668049792,0
586,حقائق وأسرار,14500000,2175911149,1312,Entertainment,2016,1658468.8635670731,0
587,Drawblogs,14500000,1694934569,362,Entertainment,2014,4682139.693370165,0
588,Canal Nostalgia,14500000,1416689094,370,Entertainment,2008,3828889.4432432433,0
589,Fifth Harmony,14400000,7526971366,67,Music,2013,112342856.20895523,0
590,Team Films Bhojpuri,14400000,6164527861,20085,Music,2014,306921.97465770476,0
591,Chad Wild Clay,14400000,6161605244,630,Comedy,2006,9780325.784126984,0
592,Boram Tube ToysReview [보람튜브 토이리뷰],14400000,4914128767,568,People & Blogs,2016,8651635.153169014,0
593,Martin Garrix,14400000,5558117744,305,Music,2011,18223336.86557377,0
594,LIV Crime,14400000,7061275751,4281,People & Blogs,2020,1649445.3985050223,0
595,Super Polina,14400000,4812187551,539,People & Blogs,2014,8927991.745825604,0
596,Rclbeauty101,14400000,3919524704,478,Comedy,2010,8199842.476987448,0
597,TWICE,14400000,3733683543,852,Music,2016,4382257.679577465,7
598,Arif muhammad,14400000,3400090845,428,People & Blogs,2017,7944137.488317757,0
599,Cyprien,14400000,3005899595,205,Comedy,2007,14662924.853658536,0
600,The Slow Mo Guys,14400000,2346592288,297,Entertainment,2010,7900984.134680134,11
601,Дима Масленников,14400000,2013234398,401,Entertainment,2014,5020534.658354115,0
602,Genierock,14300000,13310308313,1540,Music,2008,8643057.346103895,0
603,mujjuu___14,14300000,9548597909,556,People & Blogs,2020,17173737.24640288,0
604,PlayStation,14300000,4230572281,17878,Gaming,2005,236635.65728828727,22
605,Gyan Gamingㅤ,14300000,2081351545,2514,Gaming,2017,827904.3536197295,0
606,Zach King,14300000,2014152450,398,Entertainment,2013,5060684.547738694,3
607,It's Mamix,14300000,1547521967,200,People & Blogs,2017,7737609.835,0
608,Hear This Music,14200000,8511385256,38,Music,2016,223983822.52631578,0
609,Unspeakable,14200000,7365642885,668,Gaming,2016,11026411.504491018,12
610,SIS vs BRO,14200000,6767838159,357,Entertainment,2016,18957529.85714286,0
611,Mohamed Ramadan I محمد رمضان,14200000,4812994887,599,People & Blogs,2014,8035049.894824708,0
612,Trap City,14200000,4885163357,2554,Music,2012,1912749.944009397,0
613,Totoy kids - Español,14200000,4533034236,167,Film & Animation,2017,27143917.580838323,0
614,Camila Loures,14200000,4189052804,3429,Music,2014,1221654.3610382036,0
615,Zach Choi ASMR,14200000,2512937687,638,People & Blogs,2014,3938773.804075235,0
616,MalumaVEVO,14100000,17905081262,168,Music,2011,106577864.65476191,0
617,ABS-CBN News,14100000,9438904191,174684,News & Politics,2009,54034.1656419592,0
618,CNN,14100000,12083277333,155569,News & Politics,2005,77671.49838978202,3
619,Zee Music Classic,14100000,5021164640,964,Music,2014,5208677.012448133,0
620,ช่อง8 : Thai Ch8,14100000,5221155648,20582,Entertainment,2011,253675.81615003402,0
621,Daily Dose Of Internet,14100000,4265711762,396,Entertainment,2015,10771999.3989899,0
622,Invento na Hora,14100000,3851507257,1189,Film & Animation,2014,3239282.8065601345,0
623,#Refugio Mental,14100000,3410001605,688,Entertainment,2013,4956397.6816860465,0
624,Anasala I أنس و أصالة,14100000,3068619934,407,Entertainment,2017,7539606.717444718,0
625,Мастерская Настроения,14000000,3636809960,891,Entertainment,2013,4081717.1268237936,0
626,Aphmau,14000000,13364784369,3996,Gaming,2012,3344540.632882883,0
627,O Canal do Joãozinho - Little Angel Português,14000000,7752154061,649,Entertainment,2018,11944767.42835131,0
628,Трум Трум,14000000,6272005457,1987,Howto & Style,2015,3156520.109209864,0
629,AM3NlC,14000000,4816638383,5446,Gaming,2012,884435.9865956665,0
630,F2Freestylers - Ultimate Soccer Skills Channel,14000000,3152582636,777,Sports,2011,4057377.90990991,11
631,A2 Motivation by {Arvind Arora},13900000,8013016996,2340,Entertainment,2017,3424366.2376068374,0
632,Taarak Mehta Ka Ooltah Chashmah,13900000,8048210407,2519,Entertainment,2014,3195002.146486701,0
633,EdisonPts,13900000,5606959168,3490,Gaming,2013,1606578.5581661891,0
634,UFC - Ultimate Fighting Championship,13900000,5422335319,12258,Sports,2006,442350.73576439876,25
635,Kuplinov ► Play,13900000,5778034318,6400,Gaming,2012,902817.8621875,0
636,CoryxKenshin,13900000,5816295650,1628,Gaming,2009,3572663.1756756757,8
637,DM - Desi Melodies,13900000,5056080182,45,Music,2017,112357337.37777779,0
638,Bie The Ska,13900000,4427609230,1349,Entertainment,2006,3282141.756856931,0
639,Saad Lamjarred | سعد لمجرد,13900000,3931202248,156,Music,2012,25200014.410256412,0
640,Doc Tops,13900000,2469411668,437,Entertainment,2014,5650827.615560641,0
641,Mis Pastelitos,13900000,2382268150,534,Howto & Style,2014,4461176.310861424,0
642,NikkieTutorials,13900000,1562768226,852,Howto & Style,2008,1834235.0070422536,10
643,FC Barcelona,13800000,2203376862,9960,Sports,2006,221222.5765060241,9
644,Blippi Español,13800000,7685405847,408,People & Blogs,2017,18836779.036764707,0
645,Daniel LaBelle,13800000,7013383323,224,Comedy,2009,31309746.97767857,2
646,melanie martinez,13800000,3835968267,96,Music,2007,39958002.78125,0
647,Rosanna Pansino,13800000,4057054946,1007,Howto & Style,2010,4028852.9751737835,1
648,Auron,13800000,2583408205,694,People & Blogs,2013,3722490.2089337176,0
649,NOBRU,13700000,225191097,344,Gaming,2016,654625.2819767442,0
650,Mazhavil Manorama,13700000,13822177908,70454,Entertainment,2011,196187.26982144377,0
651,MNCTV OFFICIAL,13700000,7394853164,54722,Entertainment,2012,135134.92131135557,0
652,ADEL et SAMI,13700000,5660289473,362,Entertainment,2018,15636158.76519337,0
653,NichLmao,13700000,7269291992,562,People & Blogs,2018,12934683.259786477,2
654,Hongyu ASMR 홍유,13700000,4285457943,515,People & Blogs,2018,8321277.559223301,0
655,Dang Matt Smith,13700000,3101895284,1372,Entertainment,2011,2260856.6209912538,0
656,Darkar Company Studios,13700000,2201167967,164,Film & Animation,2009,13421755.896341464,0
657,MAIKI021,13700000,1893820151,2919,Entertainment,2008,648790.7334703666,0
658,Wengie,13700000,1882235841,373,Howto & Style,2010,5046208.689008043,0
659,GMM25Thailand,13600000,8727207691,53533,Entertainment,2011,163024.82003623934,0
660,50 Cent,13600000,8649139354,417,Music,2007,20741341.3764988,1
661,Lyna,13600000,5801199256,4452,Gaming,2014,1303054.6397124887,0
662,TazerCraft,13600000,5325454303,3977,Gaming,2011,1339063.1890872517,0
663,CrashCourse,13600000,1699669363,1436,Education,2006,1183613.7625348188,0
664,Zig & Sharko,13500000,8306091825,826,Film & Animation,2015,10055801.240920097,0
665,5-Minute Crafts Recycle,13500000,7508843409,2770,People & Blogs,2019,2710773.793862816,0
666,Aadishakti Films,13500000,5860777243,4599,Music,2016,1274359.043922592,0
667,infobells,13500000,4977566807,463,Education,2011,10750684.24838013,0
668,The World Adventures हिन्दी,13500000,2116009610,854,People & Blogs,2016,2477763.0093676816,0
669,PlayHard,13500000,1926532344,2138,Gaming,2014,901090.8999064546,0
670,Neha Kakkar,13500000,1792757553,122,Music,2012,14694734.040983606,0
671,ZEE5,13400000,15778544226,69731,Entertainment,2018,226277.32609599747,0
672,Jake Fellman,13400000,10047123955,352,Entertainment,2012,28542965.78125,1
673,ABC News,13400000,11589784991,71206,News & Politics,2006,162764.16300592647,3
674,Gallina Pintadita,13400000,9054727117,59,Music,2011,153469951.1355932,0
675,Telemundo,13400000,7855326888,18325,Entertainment,2007,428667.22444747615,0
676,Wesley Safadão,13400000,7301307830,371,Music,2009,19680075.01347709,0
677,AzzyLand,13400000,6045422126,1620,Gaming,2015,3731742.0530864196,0
678,FAPTV,13400000,4975821188,595,Comedy,2014,8362724.685714286,0
679,TV Ana Emilia,13400000,4344884807,493,People & Blogs,2014,8813153.76673428,0
680,Harry Styles,13400000,4427208053,13,People & Blogs,2017,340554465.61538464,8
681,Lindsey Stirling,13400000,3533680308,172,Music,2007,20544652.953488372,2
682,Kurt Hugo Schneider,13400000,3659613327,681,Entertainment,2007,5373881.537444934,0
683,Narins Beauty,13400000,2046344368,406,Howto & Style,2014,5040257.064039409,0
684,Kim Loaiza,13400000,1092248349,12,Music,2019,91020695.75,0
685,YOLO,13400000,638326662,117,Comedy,2015,5455783.435897436,0
686,jbalvinVEVO,13300000,19691312985,235,Music,2010,83792821.21276596,1
687,Atlantic Records,13300000,11695828552,1421,Music,2006,8230702.710767065,0
688,Wish 107.5,13300000,5259245361,1552,Music,2014,3388689.0212628865,0
689,H2ODelirious,13300000,4229571870,3027,Gaming,2007,1397281.7542120912,0
690,Vlad and Niki ARA,13200000,6282100713,404,Unknown,2019,15549754.24009901,0
691,MyMissAnand,13200000,4522774674,275,People & Blogs,2014,16446453.36,0
692,PrestonPlayz,13200000,4655009420,694,Gaming,2018,6707506.368876081,17
693,123 GO! Spanish,13200000,4639173668,340,People & Blogs,2019,13644628.435294118,0
694,Anaysa,13200000,3173575287,490,Howto & Style,2012,6476684.259183673,0
695,JD Pantoja,13200000,1380896972,16,People & Blogs,2017,86306060.75,0
696,ETV Jabardasth,13100000,12102023764,7805,People & Blogs,2015,1550547.5674567586,0
697,theRadBrad,13100000,5791129136,7672,Gaming,2006,754839.5641293013,0
698,SRK MUSIC,13100000,5680652976,4895,Music,2012,1160501.1186925434,0
699,The LaBrant Fam,13100000,4606244054,586,Comedy,2012,7860484.733788396,7
700,Vlad and Niki ESP,13100000,4846410942,409,Unknown,2018,11849415.50611247,0
701,MSA previously My Story Animated,13100000,5149512811,838,Film & Animation,2019,6145003.354415274,1
702,The Q,13100000,4064473466,276,People & Blogs,2017,14726353.13768116,0
703,Desi Gamers,13100000,1938724616,1223,Gaming,2015,1585220.4546197874,0
704,Matheus Yurley,13100000,741066278,238,Entertainment,2015,3113723.8571428573,0
706,Saturday Night Live,13000000,13581231885,7996,Entertainment,2013,1698503.2372436218,8
707,EnriqueIglesiasVEVO,13000000,14773705750,137,Music,2009,107837268.24817519,0
708,Поззи,13000000,6244275339,3000,People & Blogs,2012,2081425.113,0
709,The MriDul,13000000,3545774062,96,Comedy,2015,36935146.479166664,0
710,Conor Maynard,13000000,2581452824,282,Music,2006,9154088.028368793,1
711,DALLMYD,13000000,1738311790,616,Sports,2011,2821934.724025974,2
712,ГЛЕНТ,13000000,926279238,221,People & Blogs,2019,4191308.769230769,0
713,Coke Studio,12900000,3274234309,529,Music,2014,6189478.844990548,0
714,BeyoncéVEVO,12900000,13130570880,167,Music,2009,78626172.93413174,9
715,O Reino Infantil,12900000,9539435945,1055,Music,2014,9042119.379146919,0
716,twenty one pilots,12900000,4621224472,173,Music,2009,26712280.184971098,2
717,Gulshan Kalra,12900000,6130500064,339,Howto & Style,2018,18084070.985250738,0
718,How Ridiculous,12900000,5543670656,390,Sports,2009,14214540.143589744,31
719,Matt Steffanina,12900000,2970575636,486,Entertainment,2011,6112295.547325103,0
720,The Shiny Peanut,12900000,2839759455,2331,Education,2016,1218258.0244530244,0
721,NishaMadhulika,12900000,2639885987,1931,Howto & Style,2009,1367108.2273433455,0
722,ATHLEAN-X™,12900000,2162786560,1296,Howto & Style,2006,1668816.7901234569,1
723,O Que Não Dizer Oficial,12900000,1636814649,511,Comedy,2015,3203159.782778865,0
724,Alex Gonzaga Official,12900000,1300528162,238,People & Blogs,2017,5464404.042016807,0
725,Everson Zoio,12900000,990362305,587,Comedy,2009,1687158.9522998296,0
726,Infobells Bangla,12800000,6165983944,284,Education,2016,21711211.070422534,0
727,SMOL,12800000,13067020729,1960,People & Blogs,2021,6666847.310714286,0
728,RedeTV,12800000,8366717082,36800,Entertainment,2011,227356.44244565218,0
729,Crazy Frog,12800000,6887508307,33,Music,2009,208712372.93939394,0
730,MrSuicideSheep,12800000,6722961376,3212,Entertainment,2010,2093076.393524284,0
731,T-Series Hamaar Bhojpuri,12800000,6334967135,9347,Entertainment,2011,677754.0531721408,0
732,Ray William Johnson,12800000,6682031898,1354,Entertainment,2008,4935030.9438700145,3
733,Zee Telugu,12800000,6224195587,86735,Entertainment,2008,71761.06055225688,0
734,Katakit Baby TV,12800000,5243185280,169,Music,2010,31024764.970414203,0
735,Typical Gamer,12800000,3948852379,3931,Gaming,2008,1004541.4344950394,1
736,BBC News,12800000,3841146030,16397,News & Politics,2006,234259.0736110264,15
737,PowerfulJRE,12800000,2266640311,765,People & Blogs,2013,2962928.511111111,6
738,CookingShooking Hindi,12800000,1609903713,393,People & Blogs,2017,4096447.106870229,0
739,Hacksmith,12800000,1343814218,745,Science & Technology,2006,1803777.4738255034,7
740,Dear Sir,12800000,918548566,482,Education,2016,1905702.4190871369,0
741,Tsuriki Show,12700000,19472063469,1617,Entertainment,2019,12042092.435992578,0
742,NickiMinajAtVEVO,12700000,8367047990,93,Music,2010,89968257.95698924,5
743,Like Nastya Stories,12700000,6055781883,389,Entertainment,2019,15567562.681233933,0
744,Top Viral Talent,12700000,6503369315,2282,Entertainment,2014,2849855.0898334794,0
745,Jazzghost,12700000,4639145138,5111,Gaming,2012,907678.5634905107,0
746,Ei Nerd,12700000,3207538507,5219,Entertainment,2013,614588.7156543399,0
747,#Refúgio Mental,12700000,2582093496,758,Entertainment,2013,3406455.7994722957,0
748,أترو/Atro,12700000,2138416538,1544,Gaming,2017,1384984.804404145,0
749,Ami Rodriguez,12600000,1986603595,358,Entertainment,2009,5549172.053072626,0
750,That Little Puff,12600000,10768365983,542,Pets & Animals,2020,19867833.91697417,2
751,Hungria Hip Hop,12600000,3960601978,44,Music,2013,90013681.31818181,0
752,BBC,12600000,8830704358,12973,Pets & Animals,2005,680698.7094735219,10
753,Lady Diana,12600000,7265803610,1273,Entertainment,2016,5707622.631578947,0
754,T-Series Regional,12600000,5169203026,15573,Entertainment,2011,331933.66891414626,0
755,Blossom,12600000,4270306760,533,Howto & Style,2017,8011832.570356472,0
756,Crescendo com Luluca,12600000,4241651530,1107,Entertainment,2015,3831663.532068654,0
757,7 Minutoz,12600000,3916931694,511,Music,2012,7665228.363992172,0
758,TKOR,12600000,3337753407,1430,Education,2010,2334093.291608392,1
759,BIBO와 장난감,12600000,2875252577,152,Entertainment,2016,18916135.375,0
760,Veritasium,12600000,1795358843,336,Education,2010,5343329.889880952,25
761,Goldmines Premiere,12600000,1629550071,530,Entertainment,2013,3074622.775471698,0
762,SAAIHALILINTAR,12600000,1104329570,405,Entertainment,2012,2726739.6790123456,0
763,Health Time,12600000,978876224,1604,Howto & Style,2016,610271.9600997507,0
764,Ja Mill,12500000,1302818088,567,People & Blogs,2016,2297739.1322751325,0
765,JesseAndMike,12500000,9102860878,630,Entertainment,2007,14448985.520634921,0
766,Disney Junior,12500000,11451399743,3261,Entertainment,2008,3511622.122968415,0
767,VexTrex,12500000,7198667373,3133,Entertainment,2014,2297691.469198851,0
768,Zee Bangla,12500000,5283086890,76545,Entertainment,2008,69019.35972303874,0
769,Awakening Music,12500000,4944109812,709,Music,2006,6973356.5754583925,0
770,Lokdhun Punjabi,12500000,4372757487,1399,Music,2010,3125630.798427448,0
771,Parafernalha,12500000,4547822776,1498,Entertainment,2011,3035929.7570093456,0
772,Rebecca Zamolo,12500000,4747533461,856,Comedy,2011,5546183.949766356,0
773,Juliana Baltar,12500000,3211108711,1431,Entertainment,2010,2243961.36338225,0
774,StudyIQ IAS,12500000,2940312253,34843,Education,2015,84387.45954711133,0
775,gymvirtual,12500000,2352844574,1414,Sports,2010,1663963.630834512,0
776,Knowledge Tv हिन्दी,12500000,1446664137,1041,People & Blogs,2014,1389686.9711815561,0
777,キッズライン♡Kids Line,12400000,10743601694,5581,People & Blogs,2011,1925031.6599175774,0
778,KOMPASTV,12400000,9025460804,225232,News & Politics,2013,40071.84060879449,0
779,Meghan Trainor,12400000,7312991342,89,People & Blogs,2008,82168442.04494382,0
780,Ajay Sharma,12400000,9181398526,607,Entertainment,2012,15125862.481054366,0
781,Wolfoo Channel,12400000,5859164410,1032,Unknown,2019,5677484.893410853,0
782,elliegoulding,12400000,6556822629,104,Music,2007,63046371.432692304,0
783,Sony Music South,12400000,7036027389,1574,Music,2014,4470157.172172808,0
784,karameeshchannel,12400000,8199848915,2122,Entertainment,2012,3864207.782752121,0
785,Melon City Show - برنامج ولاية بطيخ,12400000,5477760778,1592,Comedy,2016,3440804.5087939696,0
786,DJ Khaled,12400000,6054112231,39,Music,2018,155233646.94871795,0
787,Adexe & Nau,12400000,4440271314,529,Music,2013,8393707.587901702,0
788,SR Toys Collection,12400000,4007664795,984,Entertainment,2012,4072830.076219512,0
789,CaseyNeistat,12400000,3044339760,1068,People & Blogs,2010,2850505.393258427,4
790,Talking Angela,12400000,3284897861,204,Entertainment,2014,16102440.49509804,0
791,Jordan Matter,12400000,3368183197,355,Entertainment,2006,9487839.991549296,5
792,Kabita's Kitchen,12400000,2338362639,1234,Howto & Style,2014,1894945.4124797406,0
793,LOUD,12400000,2305594041,1126,Gaming,2019,2047596.8392539965,0
794,Brawl Stars,12400000,1796220780,130,Gaming,2017,13817082.923076924,13
795,Piuzinho,12400000,1022959848,463,Gaming,2015,2209416.5183585314,0
796,People Vs Food,12400000,959616512,384,Entertainment,2013,2499001.3333333335,0
797,DisneyChannelUK,12300000,11606288094,3238,Music,2007,3584400.2760963556,0
798,Little Baby Bum en Español,12300000,6706548354,1182,Education,2014,5673898.776649746,0
799,JOJO TV - Hindi Stories,12300000,4679118911,925,Education,2016,5058506.930810811,0
800,Troom Troom PT,12300000,4219567300,2430,Howto & Style,2015,1736447.4485596707,0
801,Peppa Pig em Português Brasil - Canal Oficial,12300000,3807810342,1066,Film & Animation,2014,3572054.7298311447,0
802,Gibby :),12300000,2761291454,203,People & Blogs,2014,13602420.955665024,0
803,Blockbuster Movies,12300000,2286659867,344,Entertainment,2016,6647267.055232558,0
804,Wolfoo Family,12200000,5770890911,1101,Unknown,2019,5241499.46503179,0
805,Come Play With Me,12200000,14390156987,367,Entertainment,2014,39210237.021798365,0
806,The Dodo,12200000,7908428418,6993,Pets & Animals,2014,1130906.3946803948,4
807,Just For Laughs Gags,12200000,7856644944,6411,Comedy,2007,1225494.4539073468,0
808,Think Music India,12200000,8959285840,3931,Music,2009,2279136.5657593487,1
809,ماشا و الدب,12200000,6201317137,751,Shows,2017,8257412.965379494,0
810,Troom Troom India,12200000,6308397105,2070,Howto & Style,2015,3047534.8333333335,0
811,HZHtube Kids Fun,12200000,3956552948,674,Entertainment,2015,5870256.599406528,0
812,Its JoJo Siwa,12200000,3817813233,707,Entertainment,2015,5400018.717114569,0
813,My Mate Nate,12200000,2748616115,981,Comedy,2014,2801851.28950051,0
814,Bela Bagunça,12200000,2770979129,921,People & Blogs,2015,3008663.549402823,0
815,Mythpat,12200000,2590550091,322,Entertainment,2018,8045186.618012423,0
816,GMA News,12100000,10471677314,329711,News & Politics,2007,31760.169706197245,0
817,Future,12100000,8747974258,48,Music,2011,182249463.70833334,0
818,Codiscos,12100000,9823385812,6967,Music,2007,1409987.9161762595,0
819,Jass Records,12100000,5294095545,4241,Music,2014,1248313.0264088658,0
820,DeGoBooM,12100000,4732355492,3062,Gaming,2014,1545511.264532985,0
821,FIFA,12100000,3904515416,9589,Sports,2006,407186.9241839608,6
822,Más SKabeche,12100000,2746045885,632,Travel & Events,2015,4345009.311708861,0
823,Davie504,12100000,2329241574,793,Entertainment,2011,2937252.9306431273,4
824,Trakin Tech,12100000,1809901493,3285,Science & Technology,2011,550959.3585996956,0
825,ChrisBrownVEVO,12000000,12493403632,290,Music,2009,43080702.179310344,5
826,Migos ATL,12000000,6370982440,100,Music,2012,63709824.4,0
827,Lana Del Rey,12000000,5676001571,40,Music,2011,141900039.275,0
828,DaniRep | +6 Vídeos Diarios De GTA 5 Online!,12000000,6447519975,10858,Gaming,2012,593803.6447780438,0
829,Компот,12000000,5850856870,1863,Gaming,2013,3140556.559312936,0
830,Geo News,12000000,5358131096,153929,News & Politics,2007,34809.107419654516,0
831,NDTV,12000000,4510236068,126906,Entertainment,2006,35539.9750051219,0
832,NORMAN FAIT DES VIDÉOS,12000000,2681755121,205,Comedy,2011,13081732.297560975,0
833,RaptorGamer,12000000,2522809876,1207,People & Blogs,2016,2090149.0273405137,0
834,Panda,12000000,2004584036,1408,Unknown,2018,1423710.2528409092,0
835,Narendra Modi,12000000,2265382511,17104,News & Politics,2007,132447.52753741815,0
836,Kylie Jenner,12000000,753341022,148,People & Blogs,2015,5090142.040540541,4
837,Troom Troom Indonesia,11900000,5012830809,1568,People & Blogs,2019,3196958.4241071427,0
838,Avril Lavigne,11900000,5636275144,140,Music,2005,40259108.17142857,3
839,The Infographics Show,11900000,4349105305,3445,Education,2011,1262439.8563134978,1
840,KaKa Kids TV - Nursery Rhymes Kids Animated Songs,11900000,4115401899,310,Unknown,2013,13275489.996774193,0
841,Azhan5star,11900000,6371101819,365,Entertainment,2021,17455073.476712327,0
842,CHHOTU KI MASTI,11900000,4064045560,106,Comedy,2018,38340052.45283019,0
843,Yudist Ardhana,11900000,3925624169,2126,Entertainment,2016,1846483.6166509879,0
844,Vogue,11900000,3533048715,2756,Entertainment,2008,1281948.009796807,21
845,Sonotek Bhakti,11900000,3661572976,7428,Entertainment,2010,492941.9730748519,0
846,BanderitaX,11900000,3347502658,1474,Gaming,2013,2271033.010854817,0
847,Lulu99,11900000,2140151369,496,Entertainment,2015,4314821.308467742,0
848,Planet Earth INDIA,11900000,1722795279,630,People & Blogs,2011,2734595.680952381,0
849,colinfurze,11900000,1472027354,350,Entertainment,2006,4205792.44,15
850,Ice Cream Rolls,11900000,1469047858,1528,Entertainment,2011,961418.7552356021,0
851,Yair17,11900000,1248384511,962,Gaming,2014,1297696.9968814969,0
852,CalvinHarrisVEVO,11800000,13615089843,173,Music,2009,78699941.28901733,3
853,Rauw Alejandro,11800000,9232920975,114,Music,2014,80990534.86842105,0
854,Jamuna TV,11800000,9144058244,84071,News & Politics,2017,108765.9031532871,0
855,MBC مصر,11800000,7784893932,40608,Entertainment,2012,191708.3809101655,0
856,CNCO,11800000,6881836992,172,Music,2015,40010680.18604651,0
857,Kids TV India Hindi Nursery Rhymes,11800000,5473328070,1185,Shows,2014,4618842.253164557,0
858,DANIEL EL TRAVIESO VIDEOS,11800000,4755190859,324,Comedy,2014,14676514.99691358,0
859,Kluna Tik,11800000,4208225754,275,Entertainment,2014,15302639.105454545,0
860,MrGear,11800000,3241537148,766,Science & Technology,2015,4231771.733681462,0
861,E-MasterSensei,11800000,3235532845,1151,Gaming,2016,2811062.4196351,0
862,Timba Vk,11800000,2538254830,890,Gaming,2012,2851971.7191011235,0
863,MORGENSHTERN,11800000,2085751416,131,Music,2013,15921766.534351146,1
864,WiederDude,11800000,2190306341,259,Unknown,2016,8456781.239382239,0
865,TommyInnit,11800000,1590238217,289,Gaming,2015,5502554.384083045,20
866,Tfue,11800000,1461546183,741,Gaming,2014,1972397.008097166,0
867,Bispo Bruno Leonardo,11800000,1882150122,3439,Nonprofits & Activism,2016,547295.7609770282,0
868,TsMadaan,11800000,1329092064,1687,Howto & Style,2008,787843.5471250741,0
869,EU FICO LOKO,11800000,1190135430,1605,Comedy,2010,741517.4018691588,0
870,Technology Gyan,11800000,920996435,924,Science & Technology,2015,996749.3885281385,0
872,Wave Music Bhakti,11700000,4770280667,19108,Music,2011,249648.34974879632,0
873,FFUNTV,11700000,9325685889,364,Gaming,2018,25620016.17857143,0
874,Natti Natasha,11700000,7264301648,130,Music,2015,55879243.44615385,1
875,Netflix Jr.,11700000,7314674893,1563,Education,2012,4679894.3653230965,0
876,Nat and Essie,11700000,6890942780,959,Film & Animation,2015,7185550.3441084465,0
877,Mor Haryanvi,11700000,5768686721,402,Music,2015,14349966.967661692,0
878,Luan Santana,11700000,4908116204,371,Music,2009,13229423.73045822,0
879,Koo Koo TV - Hindi,11700000,4265761191,927,Education,2017,4601684.132686084,0
880,123 GO!,11700000,4356636895,377,People & Blogs,2019,11556066.034482758,0
881,Naz | ناز,11700000,2002897892,917,People & Blogs,2016,2184185.2693565977,0
882,Rubius Z,11700000,1828200652,429,Comedy,2006,4261539.981351981,0
883,emma chamberlain,11700000,1531833342,283,Entertainment,2016,5412838.6643109545,5
884,Dani Russo Tv,11700000,602060711,280,Comedy,2014,2150216.825,0
885,FrontaL Gaming,11700000,255073454,108,Gaming,2015,2361791.2407407407,0
886,eltrece,11600000,11106097841,149786,Entertainment,2014,74146.43451991508,0
887,Alan Chikin Chow,11600000,11876297990,508,Comedy,2020,23378539.3503937,0
888,Луномосик,11600000,5052785110,460,People & Blogs,2015,10984315.456521738,0
889,Akon,11600000,5289951047,37,Music,2005,142971649.9189189,0
890,Halsey,11600000,4412088740,51,Music,2014,86511543.92156863,0
891,Republic Bharat,11600000,5041539626,49789,News & Politics,2019,101258.10170921287,0
892,SBT,11600000,3375080065,25710,Comedy,2008,131274.99280435627,0
893,办公室小野 Ms Yeah,11600000,3339092378,351,People & Blogs,2017,9513083.698005699,0
894,Morgz,11600000,2723781007,735,Gaming,2014,3705824.499319728,3
895,First We Feast,11600000,2485814338,819,Howto & Style,2014,3035182.341880342,20
896,P!NK,11500000,7211913487,13,Music,2006,554762575.9230769,2
897,YoungBoy Never Broke Again,11500000,11015842469,475,Entertainment,2015,23191247.303157896,16
898,TV9 Bharatvarsh,11500000,7314674032,193940,People & Blogs,2018,37716.17011446839,0
899,Wassabi,11500000,4592238139,1119,Entertainment,2006,4103876.7998212688,1
900,Luli Pampín,11500000,6102648062,225,Music,2012,27122880.275555555,0
901,Duo Tiempo De Sol,11500000,5733616887,278,Music,2013,20624521.176258992,0
902,Wild 'N Out,11500000,4418589089,1267,Entertainment,2006,3487442.0591949485,0
903,LipaoGamer,11500000,3837227706,10901,Gaming,2011,352006.94486744335,0
904,Make Joke Of,11500000,1832620830,42,Comedy,2017,43633829.28571428,0
905,Garena Free Fire LATAM,11500000,1587661793,1425,People & Blogs,2018,1114148.6266666667,0
906,Hero Movies 2022,11500000,1418615214,329,People & Blogs,2017,4311900.346504559,0
908,infobells - Kannada,11400000,5209512047,353,Education,2014,14757824.495750709,0
909,Black Eyed Peas,11400000,9492696997,39,Music,2007,243402487.1025641,0
910,Annoying Orange,11400000,7893769128,1861,Shows,2010,4241681.422890919,0
911,웃웃TwinsFromRussia,11400000,7802486828,3589,People & Blogs,2011,2174000.2307049315,0
912,Biper y sus Amigos,11400000,4991697738,119,Music,2012,41947039.815126054,0
913,Vy Qwaint,11400000,5409544753,528,Howto & Style,2014,10245349.910984848,0
914,Маша та Ведмідь,11400000,4942306057,994,Shows,2014,4972138.890342052,0
915,MC Divertida,11400000,4440911293,347,Entertainment,2018,12798015.253602305,0
916,BBC Earth,11400000,4069124046,2248,Pets & Animals,2009,1810108.5613879003,1
917,CrazyRussianHacker,11400000,3011607663,1970,Science & Technology,2012,1528734.8543147207,0
918,ExpCaseros,11400000,2515501575,1023,Howto & Style,2012,2458945.8211143697,0
919,الجانب المُشرق | Bright Side Arabic,11400000,1605101022,5063,Howto & Style,2018,317025.6808216472,0
920,MyLifeAsEva,11400000,1534278655,326,Comedy,2011,4706376.242331289,0
921,GoldminesAction,11400000,1069320125,529,Film & Animation,2015,2021399.102079395,0
922,Free Fire India Official,11300000,1389660530,1117,People & Blogs,2018,1244100.7430617725,0
923,Colors Rishtey,11300000,8954781989,13423,Entertainment,2013,667122.2520300976,0
924,Yoeslan,11300000,8789109127,240,Entertainment,2020,36621288.02916667,0
925,POCOYÓ en ESPAÑOL - Canal Oficial,11300000,8388840225,1538,Film & Animation,2007,5454382.460988296,0
926,Lil Wayne,11300000,5335786775,254,Music,2013,21007034.547244094,0
927,elcarteldesantatv,11300000,6261374873,313,Music,2008,20004392.565495208,0
928,Star Casablanca | نجوم الدار البيضاء,11300000,5129031730,998,Music,2015,5139310.350701403,0
929,UnspeakableGaming,11300000,4826278522,2444,Gaming,2012,1974745.7127659575,8
930,Maymo,11300000,4918241216,486,Pets & Animals,2006,10119837.893004116,0
931,Simone e Simaria,11300000,4474548691,224,Music,2012,19975663.79910714,0
932,Single Track Studio,11300000,4462580470,1719,Entertainment,2010,2596032.8504944737,0
933,CaptainSparklez,11300000,3924274232,5501,Gaming,2010,713374.7013270315,1
934,Tiana,11300000,3176486598,997,Entertainment,2015,3186044.73219659,0
935,Quantum Tech HD,11300000,3594122308,392,Science & Technology,2015,9168679.357142856,0
936,Ya - Alisa,11300000,2127059635,332,People & Blogs,2015,6406806.129518072,0
937,Jaiden Animations,11300000,2116631957,101,Film & Animation,2014,20956752.04950495,8
938,Ben Azelart,11300000,2294003189,236,Film & Animation,2014,9720352.495762711,2
939,Yoga With Adriene,11300000,1188547722,649,Howto & Style,2012,1831352.4221879814,7
940,The Viral Fever,11200000,1656301737,433,Entertainment,2011,3825177.221709007,0
941,Lofi Girl,11200000,1311726533,328,Music,2015,3999166.2591463416,0
942,Marta and Rustam,11200000,12481668186,390,Comedy,2021,32004277.4,2
943,ChainsmokersVEVO,11200000,11415809929,231,Music,2012,49419090.6017316,0
945,AlArabiya العربية,11200000,5892643162,129135,People & Blogs,2006,45631.650303945484,0
946,DemiLovatoVEVO,11200000,5543363992,201,Music,2009,27578925.333333332,4
947,Cut,11200000,4846700433,1738,Entertainment,2014,2788665.3814729573,0
948,Toys Make Me Smile,11200000,4562854224,102,Entertainment,2015,44733864.941176474,0
949,Franco Escamilla,11200000,3344578049,2053,Comedy,2007,1629117.4130540672,0
950,Avocado Couple I Crazy Comics,11200000,3138496496,660,Film & Animation,2018,4755297.721212122,0
951,Fortnite,11200000,2123231155,792,Gaming,2014,2680847.417929293,20
952,luzugames,11200000,1978138747,2882,Gaming,2013,686377.0808466342,0
953,Magic Five,11200000,1753589438,405,Entertainment,2016,4329850.46419753,0
954,El Rincón De Giorgio,11200000,1543663972,551,Entertainment,2013,2801568.007259528,0
955,Pastor Antônio Júnior,11200000,1646248092,3624,People & Blogs,2013,454262.7185430463,0
956,CarryisLive,11200000,1371995657,893,Gaming,2017,1536389.313549832,0
957,MaJa Tv Moral Stories Fairy Tales,11100000,4132213251,449,Entertainment,2017,9203147.55233853,0
958,FunToys Collector Disney Toys Review,11100000,15050447314,2910,Entertainment,2011,5171975.021993127,0
959,DisneyJuniorUK,11100000,12321708693,2799,Entertainment,2010,4402182.455519829,0
960,Morphle TV,11100000,7586526902,1126,Entertainment,2011,6737590.4991119,0
961,Влад и Никита,11100000,6761739774,396,Unknown,2018,17075100.439393938,0
962,Chotoonz TV - Funny Cartoons for Kids,11100000,7015448647,1797,Film & Animation,2013,3903978.1007234277,0
963,penguinz0,11100000,5768785195,3952,Gaming,2007,1459712.85298583,1
964,ToysPlay,11100000,7000333135,397,Entertainment,2015,17633080.944584385,0
965,Pari's Lifestyle,11100000,6680703649,356,People & Blogs,2018,18766021.485955056,0
966,Comedy Central,11100000,6297139999,5841,Comedy,2006,1078092.792158877,0
967,Diana and Roma IND,11100000,4802776148,446,Unknown,2019,10768556.385650225,0
968,Sky Does Everything,11100000,3823868578,2101,Music,2011,1820023.1213707759,0
969,BakLol Video,11100000,3250851179,257,Entertainment,2016,12649226.377431907,0
970,Genius,11100000,2891052624,2797,Music,2011,1033626.2509831963,0
971,Mo Vlogs,11100000,2933099311,1906,People & Blogs,2013,1538876.8683105982,0
972,The Film Theorists,11100000,2242892562,355,Film & Animation,2014,6318007.2169014085,20
973,bharatzkitchen HINDI,11100000,1903304025,626,Howto & Style,2016,3040421.765175719,0
974,Mrwhosetheboss,11100000,1793692542,1435,Science & Technology,2011,1249959.9595818815,12
975,Acenix,11100000,1606057806,259,Gaming,2014,6200995.38996139,0
976,HellomaphieMX,11100000,1584174173,382,Howto & Style,2013,4147052.8089005235,0
977,Virgínia Fonseca,11100000,1246793263,1047,People & Blogs,2016,1190824.510983763,0
979,Barbie,11000000,3703938514,2411,Entertainment,2005,1536266.492741601,0
980,Inside Edition,11000000,19367966533,27156,News & Politics,2012,713211.3173147739,1
981,Flowers Comedy,11000000,9521653019,8840,Entertainment,2015,1077110.0700226245,0
982,Flamingo,11000000,8874980800,2196,Gaming,2017,4041430.2367941714,2
983,Doja Cat,11000000,5459891400,25,Music,2018,218395656.0,0
984,Tyga,11000000,5211071220,160,Music,2009,32569195.125,0
985,Wolfoo's stories,11000000,4227479765,942,Unknown,2016,4487770.451167728,0
986,Emily Tube,11000000,4040393626,770,Entertainment,2014,5247264.4493506495,0
987,ExplosmEntertainment,11000000,3685664468,1048,Comedy,2009,3516855.4083969467,2
988,Coisa de Nerd,11000000,3419435728,1962,Gaming,2009,1742831.6656472986,0
989,Taylor RS,11000000,3306502621,1845,Gaming,2016,1792142.34200542,0
990,unknown boy varun,11000000,3263285883,193,Music,2016,16908217.010362696,0
991,Viih Tube,11000000,886497694,505,People & Blogs,2013,1755440.9782178218,0
992,OYUNCAKOYNUYORUM,10900000,9948474904,791,Entertainment,2016,12577085.845764855,0
993,Brancoala,10900000,7934725886,1685,Entertainment,2008,4709036.134124629,0
994,핑크퐁 (인기 동요・동화),10900000,6663450148,2726,Education,2014,2444405.7769625825,0
995,OGGY,10900000,5589104660,920,Film & Animation,2014,6075113.760869565,0
996,JP Plays,10900000,4609300218,3528,Gaming,2014,1306490.9914965986,0
997,TrapMusicHDTV,10900000,4070521973,690,Music,2013,5899307.207246377,0
998,Games EduUu,10900000,3093784767,1006,Gaming,2011,3075332.7703777337,0
999,Hueva,10900000,3040301750,831,Gaming,2012,3658606.1973525872,0
1000,Dobre Brothers,10900000,2808411693,590,People & Blogs,2017,4760019.818644068,0
